
[
	{
		"animal":"Dog",
		"name":"Spot",
		"age":"10 years",
		"bio":"Spot is a sweet Chihuahua looking for a new home.",
		"picture":"https://geniusvets.s3.amazonaws.com/gv-dog-breeds/chihuahua-1.jpg"
	},
	{
		"animal":"Cat",
		"name":"Lucy",
		"age":"2 months",
		"bio":"Lucy is a young kitten who is great with kids.",
		"picture":"https://images.unsplash.com/photo-1570018144466-5a3251ecd588?ixlib=rb-1.2.1&ixid=eyJhcHBfaWQiOjEyMDd9&w=1000&q=80"
	},
	{
		"animal":"Dog",
		"name":"Molly",
		"age":"4 years",
		"bio":"Molly is an energetic Pug who needs plenty of room to run around.",
		"picture":"https://petfiester.com/wp-content/uploads/2018/10/p3.jpg"
	}
]